prediction,truth,similarity
"[3, 5, 6, 7, 18]","[3, 5, 6, 7, 18]",1.0
"[5, 6, 7, 18]","[5, 6, 7, 18]",1.0
"[6, 7, 18]","[6, 7, 18]",1.0
"[7, 18]","[7, 18]",1.0
[18],[18],1.0
[],[],1.0
"[3, 5, 6, 7, 18]","[3, 5, 6, 7, 18]",1.0
"[5, 6, 7, 18]","[5, 6, 7, 18]",1.0
"[6, 7, 18]","[6, 7, 18]",1.0
"[7, 18]","[7, 18]",1.0
[18],[18],1.0
[],[],1.0
"[3, 5, 6, 7, 18]","[3, 5, 7, 18, 6]",0.6
"[5, 6, 7, 18]","[5, 7, 18, 6]",0.5
"[6, 7, 18]","[7, 18, 6]",0.33333333333333337
"[18, 6]","[18, 6]",1.0
[6],[6],1.0
[],[],1.0
"[3, 5, 6, 7, 18]","[3, 5, 6, 7, 18]",1.0
"[5, 6, 7, 18]","[5, 6, 7, 18]",1.0
"[6, 7, 18]","[6, 7, 18]",1.0
"[7, 18]","[7, 18]",1.0
[18],[18],1.0
[],[],1.0
[],[],1.0
"[3, 5, 6, 7, 18]","[3, 5, 6, 7, 18]",1.0
"[5, 6, 7, 18]","[5, 6, 7, 18]",1.0
"[6, 7, 18]","[6, 7, 18]",1.0
"[7, 18]","[7, 18]",1.0
[18],[18],1.0
[],[],1.0
"[3, 5, 6, 7, 18]","[3, 5, 6, 7, 18]",1.0
"[5, 6, 7, 18]","[5, 6, 7, 18]",1.0
"[6, 7, 18]","[6, 7, 18]",1.0
"[7, 18]","[7, 18]",1.0
[18],[18],1.0
[],[],1.0
"[3, 5, 6, 7, 18]","[3, 5, 6, 7, 18]",1.0
"[5, 6, 7, 18]","[5, 6, 7, 18]",1.0
"[6, 7, 18]","[6, 7, 18]",1.0
"[7, 18]","[7, 18]",1.0
[18],[18],1.0
[],[],1.0
"[3, 5, 6, 7, 18]","[7, 3, 5, 6, 18]",0.6
"[18, 3, 5, 6]","[3, 5, 6, 18]",0.5
"[5, 6, 18]","[5, 6, 18]",1.0
"[6, 18]","[6, 18]",1.0
[18],[18],1.0
[],[],1.0
"[3, 5, 7, 18, 6]","[3, 5, 7, 18, 6]",1.0
"[5, 7, 18, 6]","[5, 7, 18, 6]",1.0
"[7, 18, 6]","[7, 18, 6]",1.0
"[18, 6]","[18, 6]",1.0
[6],[6],1.0
[],[],1.0
"[3, 5, 6, 7, 18]","[3, 5, 6, 7, 18]",1.0
"[5, 6, 7, 18]","[5, 6, 7, 18]",1.0
"[6, 7, 18]","[6, 7, 18]",1.0
"[7, 18]","[7, 18]",1.0
[18],[18],1.0
[],[],1.0
"[3, 5, 6, 7, 18]","[3, 5, 6, 7, 18]",1.0
"[5, 6, 7, 18]","[5, 6, 7, 18]",1.0
"[6, 7, 18]","[6, 7, 18]",1.0
"[7, 18]","[7, 18]",1.0
[18],[18],1.0
[],[],1.0
[],[],1.0
[],"[3, 7, 18, 5, 4, 3]",0.0
"[5, 6]","[7, 18, 5, 4, 3]",0.19999999999999996
"[18, 5, 6]","[18, 5, 4, 3]",0.5
"[5, 6]","[5, 4, 3]",0.33333333333333337
[6],"[4, 3]",0.0
"[3, 5, 6]",[3],0.33333333333333337
"[5, 6]",[],0.0
"[3, 5, 6, 7, 18]","[7, 3, 5, 6, 18]",0.6
"[18, 3, 5, 6]","[3, 5, 6, 18]",0.5
"[5, 6, 18]","[5, 6, 18]",1.0
"[6, 18]","[6, 18]",1.0
[18],[18],1.0
[],[],1.0
"[3, 5, 6, 7, 18]","[7, 3, 18, 5, 6]",0.19999999999999996
"[3, 5, 6, 18]","[3, 18, 5, 6]",0.5
"[5, 6, 18]","[18, 5, 6]",0.33333333333333337
"[5, 6]","[5, 6]",1.0
[6],[6],1.0
[],[],1.0
"[3, 5, 6, 7, 18]","[3, 5, 6, 7, 18]",1.0
"[5, 6, 7, 18]","[5, 6, 7, 18]",1.0
"[6, 7, 18]","[6, 7, 18]",1.0
"[7, 18]","[7, 18]",1.0
[18],[18],1.0
[],[],1.0
"[3, 5, 6, 7, 18]","[3, 5, 7, 6, 18]",0.6
"[5, 6, 7, 18]","[5, 7, 6, 18]",0.5
"[6, 7, 18]","[7, 6, 18]",0.33333333333333337
"[6, 18]","[6, 18]",1.0
[18],[18],1.0
[],[],1.0
[],[],1.0
"[3, 5, 6, 7, 18]","[7, 3, 5, 6, 18]",0.6
"[18, 3, 5, 6]","[3, 5, 6, 18]",0.5
"[5, 6, 18]","[5, 6, 18]",1.0
"[6, 18]","[6, 18]",1.0
[18],[18],1.0
[],[],1.0
"[3, 5, 6, 7, 18]","[3, 5, 6, 7, 18]",1.0
"[5, 6, 7, 18]","[5, 6, 7, 18]",1.0
"[6, 7, 18]","[6, 7, 18]",1.0
"[7, 18]","[7, 18]",1.0
[18],[18],1.0
[],[],1.0
"[3, 5, 6, 7, 18]","[3, 5, 6, 7, 18]",1.0
"[5, 6, 7, 18]","[5, 6, 7, 18]",1.0
"[6, 7, 18]","[6, 7, 18]",1.0
"[7, 18]","[7, 18]",1.0
[18],[18],1.0
[],[],1.0
"[3, 5, 6, 7, 18]","[3, 5, 6, 7, 18]",1.0
"[5, 6, 7, 18]","[5, 6, 7, 18]",1.0
"[6, 7, 18]","[6, 7, 18]",1.0
"[7, 18]","[7, 18]",1.0
[18],[18],1.0
[],[],1.0
"[3, 5, 6, 7, 18]","[3, 5, 6, 7, 18]",1.0
"[5, 6, 7, 18]","[5, 6, 7, 18]",1.0
"[6, 7, 18]","[6, 7, 18]",1.0
"[7, 18]","[7, 18]",1.0
[18],[18],1.0
[],[],1.0
"[3, 5, 6, 7, 18]","[3, 5, 6, 7, 18]",1.0
"[5, 6, 7, 18]","[5, 6, 7, 18]",1.0
"[6, 7, 18]","[6, 7, 18]",1.0
"[7, 18]","[7, 18]",1.0
[18],[18],1.0
[],[],1.0
[],[],1.0
"[3, 5, 6, 7, 18]","[3, 5, 6, 7, 18]",1.0
"[5, 6, 7, 18]","[5, 6, 7, 18]",1.0
"[6, 7, 18]","[6, 7, 18]",1.0
"[7, 18]","[7, 18]",1.0
[18],[18],1.0
[],[],1.0
"[3, 5, 6, 7, 18]","[7, 3, 8, 5, 6, 7, 8, 7, 8, 7, 8, 7, 8, 7, 8, 7, 8, 7, 8, 7, 8, 7, 18]",0.21739130434782605
"[18, 3, 5, 6]","[3, 8, 5, 6, 7, 8, 7, 8, 7, 8, 7, 8, 7, 8, 7, 8, 7, 8, 7, 8, 7, 18]",0.09090909090909094
"[5, 6, 18]","[8, 5, 6, 7, 8, 7, 8, 7, 8, 7, 8, 7, 8, 7, 8, 7, 8, 7, 8, 7, 18]",0.1428571428571429
"[7, 18, 5, 6]","[5, 6, 7, 8, 7, 8, 7, 8, 7, 8, 7, 8, 7, 8, 7, 8, 7, 8, 7, 18]",0.050000000000000044
"[6, 18]","[6, 7, 8, 7, 8, 7, 8, 7, 8, 7, 8, 7, 8, 7, 8, 7, 8, 7, 18]",0.10526315789473684
[18],"[7, 8, 7, 8, 7, 8, 7, 8, 7, 8, 7, 8, 7, 8, 7, 8, 7, 18]",0.05555555555555558
[18],"[8, 7, 8, 7, 8, 7, 8, 7, 8, 7, 8, 7, 8, 7, 8, 7, 18]",0.05882352941176472
"[7, 18]","[7, 8, 7, 8, 7, 8, 7, 8, 7, 8, 7, 8, 7, 8, 7, 18]",0.125
[18],"[8, 7, 8, 7, 8, 7, 8, 7, 8, 7, 8, 7, 8, 7, 18]",0.06666666666666665
"[7, 18]","[7, 8, 7, 8, 7, 8, 7, 8, 7, 8, 7, 8, 7, 18]",0.1428571428571429
[18],"[8, 7, 8, 7, 8, 7, 8, 7, 8, 7, 8, 7, 18]",0.07692307692307687
"[7, 18]","[7, 8, 7, 8, 7, 8, 7, 8, 7, 8, 7, 18]",0.16666666666666663
[18],"[8, 7, 8, 7, 8, 7, 8, 7, 8, 7, 18]",0.09090909090909094
"[7, 18]","[7, 8, 7, 8, 7, 8, 7, 8, 7, 18]",0.19999999999999996
[18],"[8, 7, 8, 7, 8, 7, 8, 7, 18]",0.11111111111111116
"[7, 18]","[7, 8, 7, 8, 7, 8, 7, 18]",0.25
[18],"[8, 7, 8, 7, 8, 7, 18]",0.1428571428571429
"[7, 18]","[7, 8, 7, 8, 7, 18]",0.33333333333333337
[18],"[8, 7, 8, 7, 18]",0.19999999999999996
"[7, 18]","[7, 8, 7, 18]",0.5
[18],"[8, 7, 18]",0.33333333333333337
"[7, 18]","[7, 18]",1.0
[18],[18],1.0
[],[],1.0
"[3, 5, 6, 7, 18]","[3, 5, 7, 18, 6]",0.6
"[5, 6, 7, 18]","[5, 7, 18, 6]",0.5
"[6, 7, 18]","[7, 18, 6]",0.33333333333333337
"[18, 6]","[18, 6]",1.0
[6],[6],1.0
"[19, 20, 22, 23]",[],0.0
"[3, 5, 6, 7, 18]","[7, 18, 3, 5, 6]",0.19999999999999996
"[3, 4, 3, 18, 4, 3, 4]","[18, 3, 5, 6]",0.1428571428571429
"[3, 5, 6]","[3, 5, 6]",1.0
"[5, 6]","[5, 6]",1.0
[6],[6],1.0
[],[],1.0
"[3, 5, 6, 7, 18]","[3, 5, 6, 7, 18]",1.0
"[5, 6, 7, 18]","[5, 6, 7, 18]",1.0
"[6, 7, 18]","[6, 7, 18]",1.0
"[7, 18]","[7, 18]",1.0
[18],[18],1.0
[],[],1.0
"[3, 5, 6, 7, 18]","[3, 5, 6, 7, 18]",1.0
"[5, 6, 7, 18]","[5, 6, 7, 18]",1.0
"[6, 7, 18]","[6, 7, 18]",1.0
"[7, 18]","[7, 18]",1.0
[18],[18],1.0
[],[],1.0
"[3, 5, 6, 7, 18]","[3, 5, 6, 7, 18]",1.0
"[5, 6, 7, 18]","[5, 6, 7, 18]",1.0
"[6, 7, 18]","[6, 7, 18]",1.0
"[7, 18]","[7, 18]",1.0
[18],[18],1.0
[],[],1.0
"[3, 5, 6, 7, 18]","[3, 5, 6, 7, 18]",1.0
"[5, 6, 7, 18]","[5, 6, 7, 18]",1.0
"[6, 7, 18]","[6, 7, 18]",1.0
"[7, 18]","[7, 18]",1.0
[18],[18],1.0
[],[],1.0
"[3, 5, 6, 7, 18]","[3, 5, 6, 7, 18]",1.0
"[5, 6, 7, 18]","[5, 6, 7, 18]",1.0
"[6, 7, 18]","[6, 7, 18]",1.0
"[7, 18]","[7, 18]",1.0
[18],[18],1.0
[],[],1.0
"[3, 5, 6, 7, 18]","[3, 5, 6, 7, 18]",1.0
"[5, 6, 7, 18]","[5, 6, 7, 18]",1.0
"[6, 7, 18]","[6, 7, 18]",1.0
"[7, 18]","[7, 18]",1.0
[18],[18],1.0
[],[],1.0
"[3, 5, 6, 7, 18]","[3, 5, 6, 7, 18]",1.0
"[5, 6, 7, 18]","[5, 6, 7, 18]",1.0
"[6, 7, 18]","[6, 7, 18]",1.0
"[7, 18]","[7, 18]",1.0
[18],[18],1.0
[],[],1.0
"[3, 5, 6, 7, 18]","[3, 5, 6, 7, 18]",1.0
"[5, 6, 7, 18]","[5, 6, 7, 18]",1.0
"[6, 7, 18]","[6, 7, 18]",1.0
"[7, 18]","[7, 18]",1.0
[18],[18],1.0
[],[],1.0
"[3, 5, 6, 7, 18]","[3, 5, 6, 7, 18]",1.0
"[5, 6, 7, 18]","[5, 6, 7, 18]",1.0
"[6, 7, 18]","[6, 7, 18]",1.0
"[7, 18]","[7, 18]",1.0
[18],[18],1.0
[],[],1.0
"[3, 5, 6, 7, 18]","[3, 5, 6, 7, 18]",1.0
"[5, 6, 7, 18]","[5, 6, 7, 18]",1.0
"[6, 7, 18]","[6, 7, 18]",1.0
"[7, 18]","[7, 18]",1.0
[18],[18],1.0
[],[],1.0
"[3, 5, 6, 7, 18]","[3, 5, 6, 7, 18]",1.0
"[5, 6, 7, 18]","[5, 6, 7, 18]",1.0
"[6, 7, 18]","[6, 7, 18]",1.0
"[7, 18]","[7, 18]",1.0
[18],[18],1.0
[],[],1.0
"[3, 5, 6, 7, 18]","[3, 5, 6, 7, 18]",1.0
"[5, 6, 7, 18]","[5, 6, 7, 18]",1.0
"[6, 7, 18]","[6, 7, 18]",1.0
"[7, 18]","[7, 18]",1.0
[18],[18],1.0
[],[],1.0
"[7, 18, 3, 5, 6]","[7, 3, 5, 6, 18]",0.6
"[18, 3, 5, 6]","[3, 5, 6, 18]",0.5
"[5, 6, 18]","[5, 6, 18]",1.0
"[6, 18]","[6, 18]",1.0
[18],[18],1.0
[],[],1.0
"[3, 5, 6, 7, 18]","[3, 5, 6, 7, 18]",1.0
"[5, 6, 7, 18]","[5, 6, 7, 18]",1.0
"[6, 7, 18]","[6, 7, 18]",1.0
"[7, 18]","[7, 18]",1.0
[18],[18],1.0
[],[],1.0
"[3, 5, 6, 7, 18]","[3, 5, 6, 7, 18]",1.0
"[5, 6, 7, 18]","[5, 6, 7, 18]",1.0
"[6, 7, 18]","[6, 7, 18]",1.0
"[7, 18]","[7, 18]",1.0
[18],[18],1.0
[],[],1.0
"[3, 5, 6, 7, 18]","[3, 5, 6, 7, 18]",1.0
"[5, 6, 7, 18]","[5, 6, 7, 18]",1.0
"[6, 7, 18]","[6, 7, 18]",1.0
"[7, 18]","[7, 18]",1.0
[18],[18],1.0
[],[],1.0
"[3, 5, 6, 7, 18]","[7, 3, 5, 6, 18]",0.6
"[18, 3, 5, 6]","[3, 5, 6, 18]",0.5
"[5, 6, 18]","[5, 6, 18]",1.0
"[6, 18]","[6, 18]",1.0
[18],[18],1.0
[],[],1.0
"[3, 5, 6, 7, 18]","[3, 5, 7, 6, 18]",0.6
"[5, 6, 7, 18]","[5, 7, 6, 18]",0.5
"[6, 7, 18]","[7, 6, 18]",0.33333333333333337
"[6, 18]","[6, 18]",1.0
[18],[18],1.0
[],[],1.0
"[3, 5, 6, 7, 18]","[3, 5, 6, 7, 18]",1.0
"[5, 6, 7, 18]","[5, 6, 7, 18]",1.0
"[6, 7, 18]","[6, 7, 18]",1.0
"[7, 18]","[7, 18]",1.0
[18],[18],1.0
[],[],1.0
"[3, 5, 6, 7, 18]","[3, 5, 6, 7, 18]",1.0
"[5, 6, 7, 18]","[5, 6, 7, 18]",1.0
"[6, 7, 18]","[6, 7, 18]",1.0
"[7, 18]","[7, 18]",1.0
[18],[18],1.0
[],[],1.0
"[3, 5, 6, 7, 18]","[3, 7, 5, 6, 18]",0.6
"[5, 6, 7, 18]","[7, 5, 6, 18]",0.5
"[18, 5, 6]","[5, 6, 18]",0.33333333333333337
"[6, 18]","[6, 18]",1.0
[18],[18],1.0
[],[],1.0
"[3, 5, 6, 7, 18]","[3, 5, 6, 7, 18]",1.0
"[5, 6, 7, 18]","[5, 6, 7, 18]",1.0
"[6, 7, 18]","[6, 7, 18]",1.0
"[7, 18]","[7, 18]",1.0
[18],[18],1.0
[],[],1.0
"[3, 5, 6, 7, 18]","[3, 5, 6, 7, 18]",1.0
"[5, 6, 7, 18]","[5, 6, 7, 18]",1.0
"[6, 7, 18]","[6, 7, 18]",1.0
"[7, 18]","[7, 18]",1.0
[18],[18],1.0
[],[],1.0
"[3, 5, 6, 7, 18]","[3, 5, 6, 7]",0.8
"[5, 6, 7, 18]","[5, 6, 7]",0.75
"[6, 7, 18]","[6, 7]",0.6666666666666667
"[7, 18]",[7],0.5
[],[],1.0
"[3, 5, 6, 7, 18]","[3, 5, 6, 7, 18]",1.0
"[5, 6, 7, 18]","[5, 6, 7, 18]",1.0
"[6, 7, 18]","[6, 7, 18]",1.0
"[7, 18]","[7, 18]",1.0
[18],[18],1.0
[],[],1.0
"[3, 5, 6, 7, 18]","[3, 5, 6, 7, 18]",1.0
"[5, 6, 7, 18]","[5, 6, 7, 18]",1.0
"[6, 7, 18]","[6, 7, 18]",1.0
"[7, 18]","[7, 18]",1.0
[18],[18],1.0
[],[],1.0
"[3, 5, 6, 7, 18]","[3, 5, 6, 7, 18]",1.0
"[5, 6, 7, 18]","[5, 6, 7, 18]",1.0
"[6, 7, 18]","[6, 7, 18]",1.0
"[7, 18]","[7, 18]",1.0
[18],[18],1.0
[],[],1.0
"[3, 5, 6, 7, 18]","[3, 5, 6, 7, 18]",1.0
"[5, 6, 7, 18]","[5, 6, 7, 18]",1.0
"[6, 7, 18]","[6, 7, 18]",1.0
"[7, 18]","[7, 18]",1.0
[18],[18],1.0
[],[],1.0
"[3, 5, 6, 7, 18]","[3, 5, 6, 7, 18]",1.0
"[5, 6, 7, 18]","[5, 6, 7, 18]",1.0
"[6, 7, 18]","[6, 7, 18]",1.0
"[7, 18]","[7, 18]",1.0
[18],[18],1.0
[],[],1.0
"[3, 5, 6, 7, 18]","[3, 5, 6, 7, 18]",1.0
"[5, 6, 7, 18]","[5, 6, 7, 18]",1.0
"[6, 7, 18]","[6, 7, 18]",1.0
"[7, 18]","[7, 18]",1.0
[18],[18],1.0
[],[],1.0
"[3, 5, 6, 7, 18]","[3, 5, 6, 7, 18]",1.0
"[5, 6, 7, 18]","[5, 6, 7, 18]",1.0
"[6, 7, 18]","[6, 7, 18]",1.0
"[7, 18]","[7, 18]",1.0
[18],[18],1.0
[],[],1.0
"[3, 5, 6, 7, 18]","[3, 5, 6, 7, 18, 19, 20, 22, 23]",0.5555555555555556
"[5, 6, 7, 18]","[5, 6, 7, 18, 19, 20, 22, 23]",0.5
"[6, 7, 18]","[6, 7, 18, 19, 20, 22, 23]",0.4285714285714286
"[7, 18]","[7, 18, 19, 20, 22, 23]",0.33333333333333337
[18],"[18, 19, 20, 22, 23]",0.19999999999999996
[],"[19, 20, 22, 23]",0.0
"[20, 22, 23]","[20, 22, 23]",1.0
"[22, 23]","[22, 23]",1.0
[23],[23],1.0
[],[],1.0
"[3, 5, 6, 7, 18]","[3, 5, 6, 7, 18]",1.0
"[5, 6, 7, 18]","[5, 6, 7, 18]",1.0
"[6, 7, 18]","[6, 7, 18]",1.0
"[7, 18]","[7, 18]",1.0
[18],[18],1.0
[],[],1.0
"[3, 5, 6, 7, 18]","[7, 3, 5, 6, 18]",0.6
"[18, 3, 5, 6]","[3, 5, 6, 18]",0.5
"[5, 6, 18]","[5, 6, 18]",1.0
"[6, 18]","[6, 18]",1.0
[18],[18],1.0
[],[],1.0
"[3, 5, 6, 7, 18]","[7, 3, 5, 6, 18]",0.6
"[18, 3, 5, 6]","[3, 5, 6, 18]",0.5
"[5, 6, 18]","[5, 6, 18]",1.0
"[6, 18]","[6, 18]",1.0
[18],[18],1.0
[],[],1.0
"[3, 5, 6, 7, 18]","[3, 5, 6, 7, 18]",1.0
"[5, 6, 7, 18]","[5, 6, 7, 18]",1.0
"[6, 7, 18]","[6, 7, 18]",1.0
"[7, 18]","[7, 18]",1.0
[18],[18],1.0
[],[],1.0
"[3, 5, 6, 7, 18]","[3, 5, 6, 7, 18]",1.0
"[5, 6, 7, 18]","[5, 6, 7, 18]",1.0
"[6, 7, 18]","[6, 7, 18]",1.0
"[7, 18]","[7, 18]",1.0
[18],[18],1.0
[],[],1.0
"[7, 18, 3, 5, 6]","[3, 7, 5, 6, 18]",0.19999999999999996
"[5, 6, 7, 18]","[7, 5, 6, 18]",0.5
"[18, 5, 6]","[5, 6, 18]",0.33333333333333337
"[6, 18]","[6, 18]",1.0
[18],[18],1.0
[],[],1.0
"[3, 5, 6, 7, 18]","[3, 5, 6, 7, 18]",1.0
"[5, 6, 7, 18]","[5, 6, 7, 18]",1.0
"[6, 7, 18]","[6, 7, 18]",1.0
"[7, 18]","[7, 18]",1.0
[18],[18],1.0
[],[],1.0
"[7, 18, 3, 5, 6]","[3, 5, 6, 7, 18]",0.19999999999999996
"[5, 6, 7, 18]","[5, 6, 7, 18]",1.0
"[6, 7, 18]","[6, 7, 18]",1.0
"[7, 18]","[7, 18]",1.0
[18],[18],1.0
[],[],1.0
[],[],1.0
"[3, 5, 6, 7, 18]","[3, 5, 6, 7, 18]",1.0
"[5, 6, 7, 18]","[5, 6, 7, 18]",1.0
"[6, 7, 18]","[6, 7, 18]",1.0
"[7, 18]","[7, 18]",1.0
[18],[18],1.0
[],[],1.0
"[3, 5, 6, 7, 18]","[3, 5, 6, 7, 18]",1.0
"[5, 6, 7, 18]","[5, 6, 7, 18]",1.0
"[6, 7, 18]","[6, 7, 18]",1.0
"[7, 18]","[7, 18]",1.0
[18],[18],1.0
[],[],1.0
"[3, 5, 6, 7, 18]","[3, 7, 13, 16, 5, 4, 3, 5, 6, 9, 7, 13, 16, 9, 7, 9, 13, 16, 7, 13, 16, 9, 7, 18]",0.20833333333333337
"[5, 6, 7, 18]","[7, 13, 16, 5, 4, 3, 5, 6, 9, 7, 13, 16, 9, 7, 9, 13, 16, 7, 13, 16, 9, 7, 18]",0.17391304347826086
"[18, 5, 6]","[13, 16, 5, 4, 3, 5, 6, 9, 7, 13, 16, 9, 7, 9, 13, 16, 7, 13, 16, 9, 7, 18]",0.09090909090909094
"[7, 18, 4, 3, 4, 3, 5, 6]","[16, 5, 4, 3, 5, 6, 9, 7, 13, 16, 9, 7, 9, 13, 16, 7, 13, 16, 9, 7, 18]",0.09523809523809523
"[7, 18, 3, 5, 6]","[5, 4, 3, 5, 6, 9, 7, 13, 16, 9, 7, 9, 13, 16, 7, 13, 16, 9, 7, 18]",0.15000000000000002
"[6, 18]","[4, 3, 5, 6, 9, 7, 13, 16, 9, 7, 9, 13, 16, 7, 13, 16, 9, 7, 18]",0.10526315789473684
"[3, 18, 5, 6]","[3, 5, 6, 9, 7, 13, 16, 9, 7, 9, 13, 16, 7, 13, 16, 9, 7, 18]",0.11111111111111116
"[5, 6]","[5, 6, 9, 7, 13, 16, 9, 7, 9, 13, 16, 7, 13, 16, 9, 7, 18]",0.11764705882352944
[6],"[6, 9, 7, 13, 16, 9, 7, 9, 13, 16, 7, 13, 16, 9, 7, 18]",0.0625
[],"[9, 7, 13, 16, 9, 7, 9, 13, 16, 7, 13, 16, 9, 7, 18]",0.0
[],"[7, 13, 16, 9, 7, 9, 13, 16, 7, 13, 16, 9, 7, 18]",0.0
[],"[13, 16, 9, 7, 9, 13, 16, 7, 13, 16, 9, 7, 18]",0.0
"[16, 22, 23]","[16, 9, 7, 9, 13, 16, 7, 13, 16, 9, 7, 18]",0.08333333333333337
"[14, 10, 12, 15, 17, 9, 8, 11, 7, 7, 7]","[9, 7, 9, 13, 16, 7, 13, 16, 9, 7, 18]",0.09090909090909094
"[7, 18]","[7, 9, 13, 16, 7, 13, 16, 9, 7, 18]",0.19999999999999996
[18],"[9, 13, 16, 7, 13, 16, 9, 7, 18]",0.11111111111111116
"[7, 18]","[13, 16, 7, 13, 16, 9, 7, 18]",0.25
"[14, 7, 18]","[16, 7, 13, 16, 9, 7, 18]",0.2857142857142857
"[14, 10, 12, 15, 17, 9, 8, 11, 7, 7, 7]","[7, 13, 16, 9, 7, 18]",0.18181818181818177
[18],"[13, 16, 9, 7, 18]",0.19999999999999996
"[14, 7, 18]","[16, 9, 7, 18]",0.5
"[14, 10, 12, 15, 17, 9, 8, 11, 7, 7, 7]","[9, 7, 18]",0.18181818181818177
"[7, 18]","[7, 18]",1.0
[18],[18],1.0
[],[],1.0
"[3, 5, 6, 7, 18]","[3, 5, 6, 7, 18]",1.0
"[5, 6, 7, 18]","[5, 6, 7, 18]",1.0
"[6, 7, 18]","[6, 7, 18]",1.0
"[7, 18]","[7, 18]",1.0
[18],[18],1.0
[],[],1.0
"[3, 5, 6, 7, 18]","[3, 5, 6, 7, 18]",1.0
"[5, 6, 7, 18]","[5, 6, 7, 18]",1.0
"[6, 7, 18]","[6, 7, 18]",1.0
"[7, 18]","[7, 18]",1.0
[18],[18],1.0
[],[],1.0
"[3, 5, 6, 7, 18]","[3, 5, 6, 7, 18]",1.0
"[5, 6, 7, 18]","[5, 6, 7, 18]",1.0
"[6, 7, 18]","[6, 7, 18]",1.0
"[7, 18]","[7, 18]",1.0
[18],[18],1.0
[],[],1.0
"[3, 5, 6, 7, 18]","[3, 7, 18, 5, 6]",0.19999999999999996
"[5, 6, 7, 18]","[7, 18, 5, 6]",0.0
"[18, 5, 6]","[18, 5, 6]",1.0
"[5, 6]","[5, 6]",1.0
[6],[6],1.0
[],[],1.0
"[3, 5, 6, 7, 18]","[3, 5, 6, 7, 18]",1.0
"[5, 6, 7, 18]","[5, 6, 7, 18]",1.0
"[6, 7, 18]","[6, 7, 18]",1.0
"[7, 18]","[7, 18]",1.0
[18],[18],1.0
[],[],1.0
"[3, 5, 6, 7, 18]","[3, 5, 6, 7, 18]",1.0
"[5, 6, 7, 18]","[5, 6, 7, 18]",1.0
"[6, 7, 18]","[6, 7, 18]",1.0
"[7, 18]","[7, 18]",1.0
[18],[18],1.0
[],[],1.0
"[3, 5, 6, 7, 18]","[7, 3, 5, 6, 18]",0.6
"[18, 3, 5, 6]","[3, 5, 6, 18]",0.5
"[5, 6, 18]","[5, 6, 18]",1.0
"[6, 18]","[6, 18]",1.0
[18],[18],1.0
[],[],1.0
"[3, 5, 6, 7, 18]","[3, 5, 6, 7, 18]",1.0
"[5, 6, 7, 18]","[5, 6, 7, 18]",1.0
"[6, 7, 18]","[6, 7, 18]",1.0
"[7, 18]","[7, 18]",1.0
[18],[18],1.0
[],[],1.0
[],[],1.0
"[3, 5, 6, 7, 18]","[7, 3, 5, 18, 6, 19, 20, 22, 23]",0.33333333333333337
"[18, 3, 5, 6]","[3, 5, 18, 6, 19, 20, 22, 23]",0.25
"[5, 6, 18]","[5, 18, 6, 19, 20, 22, 23]",0.2857142857142857
"[6, 18]","[18, 6, 19, 20, 22, 23]",0.16666666666666663
[6],"[6, 19, 20, 22, 23]",0.19999999999999996
[],"[19, 20, 22, 23]",0.0
"[20, 22, 23]","[20, 22, 23]",1.0
"[22, 23]","[22, 23]",1.0
[23],[23],1.0
[],[],1.0
"[3, 5, 6, 7, 18]","[3, 5, 6, 7, 18]",1.0
"[5, 6, 7, 18]","[5, 6, 7, 18]",1.0
"[6, 7, 18]","[6, 7, 18]",1.0
"[7, 18]","[7, 18]",1.0
[18],[18],1.0
[],[],1.0
[],[],1.0
"[3, 5, 6, 7, 18]","[3, 5, 6, 7, 18, 19, 20, 22, 23]",0.5555555555555556
"[5, 6, 7, 18]","[5, 6, 7, 18, 19, 20, 22, 23]",0.5
"[6, 7, 18]","[6, 7, 18, 19, 20, 22, 23]",0.4285714285714286
"[7, 18]","[7, 18, 19, 20, 22, 23]",0.33333333333333337
[18],"[18, 19, 20, 22, 23]",0.19999999999999996
[],"[19, 20, 22, 23]",0.0
"[20, 22, 23]","[20, 22, 23]",1.0
"[22, 23]","[22, 23]",1.0
[23],[23],1.0
[],[],1.0
"[3, 5, 6, 7, 18]","[3, 5, 6, 7, 18]",1.0
"[5, 6, 7, 18]","[5, 6, 7, 18]",1.0
"[6, 7, 18]","[6, 7, 18]",1.0
"[7, 18]","[7, 18]",1.0
[18],[18],1.0
[],[],1.0
"[3, 5, 6, 7, 18]","[3, 5, 6, 7, 18]",1.0
"[5, 6, 7, 18]","[5, 6, 7, 18]",1.0
"[6, 7, 18]","[6, 7, 18]",1.0
"[7, 18]","[7, 18]",1.0
[18],[18],1.0
[],[],1.0
"[3, 5, 6, 7, 18]","[3, 5, 6, 7, 18]",1.0
"[5, 6, 7, 18]","[5, 6, 7, 18]",1.0
"[6, 7, 18]","[6, 7, 18]",1.0
"[7, 18]","[7, 18]",1.0
[18],[18],1.0
[],[],1.0
"[3, 5, 6, 7, 18]","[3, 5, 6, 7, 18]",1.0
"[5, 6, 7, 18]","[5, 6, 7, 18]",1.0
"[6, 7, 18]","[6, 7, 18]",1.0
"[7, 18]","[7, 18]",1.0
[18],[18],1.0
[],[],1.0
"[3, 5, 6, 7, 18]","[3, 5, 6, 7, 18]",1.0
"[5, 6, 7, 18]","[5, 6, 7, 18]",1.0
"[6, 7, 18]","[6, 7, 18]",1.0
"[7, 18]","[7, 18]",1.0
[18],[18],1.0
[],[],1.0
"[3, 5, 6, 7, 18]","[3, 7, 18, 5, 6]",0.19999999999999996
"[5, 6, 7, 18]","[7, 18, 5, 6]",0.0
"[18, 5, 6]","[18, 5, 6]",1.0
"[5, 6]","[5, 6]",1.0
[6],[6],1.0
[],[],1.0
"[3, 5, 6, 7, 18]","[3, 5, 6, 7, 18]",1.0
"[5, 6, 7, 18]","[5, 6, 7, 18]",1.0
"[6, 7, 18]","[6, 7, 18]",1.0
"[7, 18]","[7, 18]",1.0
[18],[18],1.0
[],[],1.0
"[3, 5, 6, 7, 18]","[3, 5, 6, 7, 18]",1.0
"[5, 6, 7, 18]","[5, 6, 7, 18]",1.0
"[6, 7, 18]","[6, 7, 18]",1.0
"[7, 18]","[7, 18]",1.0
[18],[18],1.0
[],[],1.0
"[3, 5, 6, 7, 18]","[3, 5, 6, 7, 18]",1.0
"[5, 6, 7, 18]","[5, 6, 7, 18]",1.0
"[6, 7, 18]","[6, 7, 18]",1.0
"[7, 18]","[7, 18]",1.0
[18],[18],1.0
[],[],1.0
"[3, 5, 6, 7, 18]","[3, 5, 6, 7, 18]",1.0
"[5, 6, 7, 18]","[5, 6, 7, 18]",1.0
"[6, 7, 18]","[6, 7, 18]",1.0
"[7, 18]","[7, 18]",1.0
[18],[18],1.0
[],[],1.0
"[3, 5, 6, 7, 18]","[3, 5, 6, 7, 18, 24, 25, 27, 28]",0.5555555555555556
"[5, 6, 7, 18]","[5, 6, 7, 18, 24, 25, 27, 28]",0.5
"[6, 7, 18]","[6, 7, 18, 24, 25, 27, 28]",0.4285714285714286
"[7, 18]","[7, 18, 24, 25, 27, 28]",0.33333333333333337
[18],"[18, 24, 25, 27, 28]",0.19999999999999996
[],"[24, 25, 27, 28]",0.0
"[25, 27, 28]","[25, 27, 28]",1.0
"[27, 28]","[27, 28]",1.0
[28],[28],1.0
[],[],1.0
"[3, 5, 6, 7, 18]","[3, 5, 6, 7, 18]",1.0
"[5, 6, 7, 18]","[5, 6, 7, 18]",1.0
"[6, 7, 18]","[6, 7, 18]",1.0
"[7, 18]","[7, 18]",1.0
[18],[18],1.0
[],[],1.0
"[3, 5, 6, 7, 18]","[3, 5, 6, 7, 18]",1.0
"[5, 6, 7, 18]","[5, 6, 7, 18]",1.0
"[6, 7, 18]","[6, 7, 18]",1.0
"[7, 18]","[7, 18]",1.0
[18],[18],1.0
[],[],1.0
[],[],1.0
"[3, 5, 6, 7, 18]","[3, 7, 18, 5, 6]",0.19999999999999996
"[5, 6, 7, 18]","[7, 18, 5, 6]",0.0
"[18, 5, 6]","[18, 5, 6]",1.0
"[5, 6]","[5, 6]",1.0
[6],[6],1.0
[],[],1.0
"[3, 5, 6, 7, 18]","[3, 5, 6, 7, 18]",1.0
"[5, 6, 7, 18]","[5, 6, 7, 18]",1.0
"[6, 7, 18]","[6, 7, 18]",1.0
"[7, 18]","[7, 18]",1.0
[18],[18],1.0
[],[],1.0
"[3, 5, 6, 7, 18]","[3, 7, 5, 6, 18]",0.6
"[5, 6, 7, 18]","[7, 5, 6, 18]",0.5
"[18, 5, 6]","[5, 6, 18]",0.33333333333333337
"[6, 18]","[6, 18]",1.0
[18],[18],1.0
[],[],1.0
"[3, 5, 6, 7, 18]","[3, 5, 6, 7, 18]",1.0
"[5, 6, 7, 18]","[5, 6, 7, 18]",1.0
"[6, 7, 18]","[6, 7, 18]",1.0
"[7, 18]","[7, 18]",1.0
[18],[18],1.0
[],[],1.0
"[3, 5, 6, 7, 18]","[3, 5, 6, 7, 18]",1.0
"[5, 6, 7, 18]","[5, 6, 7, 18]",1.0
"[6, 7, 18]","[6, 7, 18]",1.0
"[7, 18]","[7, 18]",1.0
[18],[18],1.0
[],[],1.0
"[3, 5, 6, 7, 18]","[3, 5, 6, 7, 18]",1.0
"[5, 6, 7, 18]","[5, 6, 7, 18]",1.0
"[6, 7, 18]","[6, 7, 18]",1.0
"[7, 18]","[7, 18]",1.0
[18],[18],1.0
[],[],1.0
"[3, 5, 6, 7, 18]","[3, 5, 6, 7, 18]",1.0
"[5, 6, 7, 18]","[5, 6, 7, 18]",1.0
"[6, 7, 18]","[6, 7, 18]",1.0
"[7, 18]","[7, 18]",1.0
[18],[18],1.0
[],[],1.0
"[3, 5, 6, 7, 18]","[3, 5, 6]",0.6
"[5, 6, 7, 18]","[5, 6]",0.5
"[6, 7, 18]",[6],0.33333333333333337
"[7, 18]",[],0.0
"[3, 5, 6, 7, 18]","[3, 4, 3, 5, 7, 18, 6]",0.4285714285714286
"[5, 6, 7, 18]","[4, 3, 5, 7, 18, 6]",0.33333333333333337
"[3, 5, 6, 7, 18]","[3, 5, 7, 18, 6]",0.6
"[5, 6, 7, 18]","[5, 7, 18, 6]",0.5
"[6, 7, 18]","[7, 18, 6]",0.33333333333333337
"[6, 18]","[18, 6]",0.0
[6],[6],1.0
[],[],1.0
"[3, 5, 6, 7, 18]","[7, 18, 3, 5, 6]",0.19999999999999996
"[18, 3, 5, 6]","[18, 3, 5, 6]",1.0
"[3, 5, 6]","[3, 5, 6]",1.0
"[5, 6]","[5, 6]",1.0
[6],[6],1.0
[],[],1.0
"[3, 5, 6, 7, 18]","[7, 18, 19, 20, 3, 5, 6, 21]",0.25
"[18, 3, 5, 6]","[18, 19, 20, 3, 5, 6, 21]",0.5714285714285714
"[3, 5, 6]","[19, 20, 3, 5, 6, 21]",0.5
"[20, 22, 23]","[20, 3, 5, 6, 21]",0.19999999999999996
"[22, 23]","[3, 5, 6, 21]",0.0
"[5, 6, 21, 20, 22, 23]","[5, 6, 21]",0.5
"[6, 21, 20, 22, 23]","[6, 21]",0.4
"[21, 20, 22, 23]",[21],0.25
"[20, 22, 23]",[],0.0
"[3, 5, 6, 7, 18]","[3, 5, 6, 7, 18]",1.0
"[5, 6, 7, 18]","[5, 6, 7, 18]",1.0
"[6, 7, 18]","[6, 7, 18]",1.0
"[7, 18]","[7, 18]",1.0
[18],[18],1.0
[],[],1.0
"[7, 18, 3, 5, 6]","[7, 18, 3, 5, 6]",1.0
"[18, 3, 5, 6]","[18, 3, 5, 6]",1.0
"[3, 5, 6]","[3, 5, 6]",1.0
"[5, 6]","[5, 6]",1.0
[6],[6],1.0
[],[],1.0
"[7, 18, 3, 5, 6]","[7, 18, 3, 5, 6]",1.0
"[18, 3, 5, 6]","[18, 3, 5, 6]",1.0
"[3, 5, 6]","[3, 5, 6]",1.0
"[5, 6]","[5, 6]",1.0
[6],[6],1.0
[],[],1.0
"[7, 18, 3, 5, 6]","[7, 18, 24, 25, 27, 28, 3, 5, 6]",0.5555555555555556
"[18, 3, 5, 6]","[18, 24, 25, 27, 28, 3, 5, 6]",0.5
"[3, 5, 6]","[24, 25, 27, 28, 3, 5, 6]",0.4285714285714286
"[25, 27, 28, 3, 5, 6]","[25, 27, 28, 3, 5, 6]",1.0
"[27, 28, 3, 5, 6]","[27, 28, 3, 5, 6]",1.0
"[28, 3, 5, 6]","[28, 3, 5, 6]",1.0
"[3, 5, 6]","[3, 5, 6]",1.0
"[5, 6]","[5, 6]",1.0
[6],[6],1.0
[],[],1.0
"[7, 18, 3, 5, 6]","[7, 18, 3, 4, 3, 5, 6]",0.7142857142857143
"[18, 3, 5, 6]","[18, 3, 4, 3, 5, 6]",0.6666666666666667
"[3, 5, 6]","[3, 4, 3, 5, 6]",0.6
"[5, 6]","[4, 3, 5, 6]",0.5
"[3, 5, 6]","[3, 5, 6]",1.0
"[5, 6]","[5, 6]",1.0
[6],[6],1.0
[],[],1.0
"[7, 18, 3, 5, 6]","[7, 18, 3, 5, 6]",1.0
"[18, 3, 5, 6]","[18, 3, 5, 6]",1.0
"[3, 5, 6]","[3, 5, 6]",1.0
"[5, 6]","[5, 6]",1.0
[6],[6],1.0
[],[],1.0
"[7, 18, 3, 5, 6]","[7, 18, 3, 5, 6]",1.0
"[18, 3, 5, 6]","[18, 3, 5, 6]",1.0
"[3, 5, 6]","[3, 5, 6]",1.0
"[5, 6]","[5, 6]",1.0
[6],[6],1.0
[],[],1.0
"[7, 18, 3, 5, 6]","[7, 18, 3, 5, 6]",1.0
"[18, 3, 5, 6]","[18, 3, 5, 6]",1.0
"[3, 5, 6]","[3, 5, 6]",1.0
"[5, 6]","[5, 6]",1.0
[6],[6],1.0
[],[],1.0
"[7, 18, 3, 5, 6]","[7, 12, 7, 18, 3, 4, 3, 4, 3, 5, 6]",0.4545454545454546
"[18, 3, 5, 6]","[12, 7, 18, 3, 4, 3, 4, 3, 5, 6]",0.4
"[8, 13, 14, 10, 11, 9, 3, 5, 6, 7, 18]","[7, 18, 3, 4, 3, 4, 3, 5, 6]",0.2727272727272727
"[18, 3, 5, 6]","[18, 3, 4, 3, 4, 3, 5, 6]",0.5
"[3, 5, 6]","[3, 4, 3, 4, 3, 5, 6]",0.4285714285714286
"[5, 6]","[4, 3, 4, 3, 5, 6]",0.33333333333333337
"[3, 5, 6]","[3, 4, 3, 5, 6]",0.6
"[5, 6]","[4, 3, 5, 6]",0.5
"[3, 5, 6]","[3, 5, 6]",1.0
"[5, 6]","[5, 6]",1.0
[6],[6],1.0
[],[],1.0
"[3, 5, 6, 7, 18]","[3, 5, 6, 7, 18]",1.0
"[5, 6, 7, 18]","[5, 6, 7, 18]",1.0
"[6, 7, 18]","[6, 7, 18]",1.0
"[7, 18]","[7, 18]",1.0
[18],[18],1.0
[],[],1.0
"[3, 5, 6, 7, 18]","[7, 18, 3, 5, 6]",0.19999999999999996
"[18, 3, 5, 6]","[18, 3, 5, 6]",1.0
"[3, 5, 6]","[3, 5, 6]",1.0
"[5, 6]","[5, 6]",1.0
[6],[6],1.0
[],[],1.0
"[3, 5, 6, 7, 18]","[3, 4, 3, 5, 6, 7, 18]",0.7142857142857143
"[5, 6, 7, 18]","[4, 3, 5, 6, 7, 18]",0.6666666666666667
[3],"[3, 5, 6, 7, 18]",0.19999999999999996
[],"[5, 6, 7, 18]",0.0
"[6, 7, 18]","[6, 7, 18]",1.0
"[7, 18]","[7, 18]",1.0
[18],[18],1.0
[],[],1.0
"[3, 5, 6, 7, 18]","[3, 5, 6, 7, 18]",1.0
"[5, 6, 7, 18]","[5, 6, 7, 18]",1.0
"[6, 7, 18]","[6, 7, 18]",1.0
"[7, 18]","[7, 18]",1.0
[18],[18],1.0
[],[],1.0
"[3, 5, 7, 18, 6]","[3, 5, 4, 7]",0.4
"[5, 7, 18, 6]","[5, 4, 7]",0.25
"[7, 18, 6]","[4, 7]",0.0
[3],[7],0.0
[],[],1.0
"[7, 18, 3, 5, 6]","[7, 18, 3, 5, 6]",1.0
"[18, 3, 5, 6]","[18, 3, 5, 6]",1.0
"[3, 5, 6]","[3, 5, 6]",1.0
"[5, 6]","[5, 6]",1.0
[6],[6],1.0
[],[],1.0
"[7, 18, 3, 5, 6]","[7, 18, 3, 5, 6]",1.0
"[18, 3, 5, 6]","[18, 3, 5, 6]",1.0
"[3, 5, 6]","[3, 5, 6]",1.0
"[5, 6]","[5, 6]",1.0
[6],[6],1.0
[],[],1.0
[],[],1.0
"[3, 5, 6, 7, 18]","[7, 18, 3, 5, 6]",0.19999999999999996
"[18, 3, 5, 6]","[18, 3, 5, 6]",1.0
"[3, 5, 6]","[3, 5, 6]",1.0
"[4, 3, 5, 6]","[5, 6]",0.5
[6],[6],1.0
[],[],1.0
"[3, 5, 6, 7, 18]","[3, 5, 6, 7, 18]",1.0
"[5, 6, 7, 18]","[5, 6, 7, 18]",1.0
"[6, 7, 18]","[6, 7, 18]",1.0
"[7, 18]","[7, 18]",1.0
[18],[18],1.0
[],[],1.0
[],[],1.0
"[3, 5, 6, 7, 18]","[3, 5, 6, 7, 18]",1.0
"[5, 6, 7, 18]","[5, 6, 7, 18]",1.0
"[6, 7, 18]","[6, 7, 18]",1.0
"[7, 18]","[7, 18]",1.0
[18],[18],1.0
[],[],1.0
"[3, 5, 6, 7, 18]","[7, 18, 3, 5, 6]",0.19999999999999996
"[18, 3, 5, 6]","[18, 3, 5, 6]",1.0
"[3, 5, 6]","[3, 5, 6]",1.0
"[5, 6]","[5, 6]",1.0
[6],[6],1.0
[],[],1.0
"[3, 5, 6, 7, 18]","[3, 5, 6, 7, 18]",1.0
"[5, 6, 7, 18]","[5, 6, 7, 18]",1.0
"[6, 7, 18]","[6, 7, 18]",1.0
"[7, 18]","[7, 18]",1.0
[18],[18],1.0
[],[],1.0
"[3, 5, 7, 18, 6]","[3, 5, 6, 7, 18]",0.6
"[5, 7, 18, 6]","[5, 6, 7, 18]",0.5
"[7, 18, 6]","[6, 7, 18]",0.33333333333333337
"[7, 18]","[7, 18]",1.0
[18],[18],1.0
[],[],1.0
"[3, 5, 6, 7, 18]","[7, 3, 5, 6, 18]",0.6
"[18, 3, 5, 6]","[3, 5, 6, 18]",0.5
"[5, 6, 18]","[5, 6, 18]",1.0
"[6, 18]","[6, 18]",1.0
[18],[18],1.0
[],[],1.0
"[3, 7, 18, 5, 6]","[7, 18, 3, 5, 6]",0.6
"[18, 3, 5, 6]","[18, 3, 5, 6]",1.0
"[3, 5, 6]","[3, 5, 6]",1.0
"[5, 6]","[5, 6]",1.0
[6],[6],1.0
[],[],1.0
"[3, 5, 6, 7, 18]","[3, 5, 6, 7, 18]",1.0
"[5, 6, 7, 18]","[5, 6, 7, 18]",1.0
"[6, 7, 18]","[6, 7, 18]",1.0
"[7, 18]","[7, 18]",1.0
[18],[18],1.0
[],[],1.0
"[3, 5, 6, 7, 18]","[3, 7, 18, 5, 6]",0.19999999999999996
"[5, 6, 7, 18]","[7, 18, 5, 6]",0.0
"[18, 5, 6]","[18, 5, 6]",1.0
"[5, 6]","[5, 6]",1.0
[6],[6],1.0
[],[],1.0
"[3, 5, 6, 7, 18]","[3, 7, 18, 5, 6]",0.19999999999999996
"[5, 6, 7, 18]","[7, 18, 5, 6]",0.0
"[18, 5, 6]","[18, 5, 6]",1.0
"[5, 6]","[5, 6]",1.0
[6],[6],1.0
[],[],1.0
"[3, 5, 6, 7, 18]","[3, 5, 7, 18, 6]",0.6
"[5, 6, 7, 18]","[5, 7, 18, 6]",0.5
"[6, 7, 18]","[7, 18, 6]",0.33333333333333337
"[18, 6]","[18, 6]",1.0
[6],[6],1.0
[],[],1.0
"[3, 7, 18, 5, 6]","[7, 18, 3, 5, 6]",0.6
"[18, 3, 5, 6]","[18, 3, 5, 6]",1.0
"[3, 5, 6]","[3, 5, 6]",1.0
"[5, 6]","[5, 6]",1.0
[6],[6],1.0
[],[],1.0
"[3, 5, 6, 7, 18]","[3, 7, 18, 5, 6]",0.19999999999999996
"[5, 6, 7, 18]","[7, 18, 5, 6]",0.0
"[18, 5, 6]","[18, 5, 6]",1.0
"[5, 6]","[5, 6]",1.0
[6],[6],1.0
[],[],1.0
"[3, 5, 6, 7, 18]","[3, 5, 6, 7]",0.8
"[5, 6, 7, 18]","[5, 6, 7]",0.75
"[6, 7, 18]","[6, 7]",0.6666666666666667
"[7, 18]",[7],0.5
[],[],1.0
"[3, 5, 6, 7, 18]","[3, 7, 18, 5, 6]",0.19999999999999996
"[5, 6, 7, 18]","[7, 18, 5, 6]",0.0
"[18, 5, 6]","[18, 5, 6]",1.0
"[5, 6]","[5, 6]",1.0
[6],[6],1.0
[],[],1.0
"[3, 5, 6, 7, 18]","[7, 18, 24, 25, 27, 28, 3, 4, 3, 5, 6]",0.09090909090909094
"[18, 3, 5, 6]","[18, 24, 25, 27, 28, 3, 4, 3, 5, 6]",0.4
"[3, 5, 6]","[24, 25, 27, 28, 3, 4, 3, 5, 6]",0.33333333333333337
"[25, 27, 28, 3, 5, 6]","[25, 27, 28, 3, 4, 3, 5, 6]",0.75
"[27, 28, 3, 5, 6]","[27, 28, 3, 4, 3, 5, 6]",0.7142857142857143
"[28, 3, 5, 6]","[28, 3, 4, 3, 5, 6]",0.6666666666666667
"[3, 5, 6]","[3, 4, 3, 5, 6]",0.6
"[5, 6]","[4, 3, 5, 6]",0.5
"[3, 5, 6]","[3, 5, 6]",1.0
"[5, 6]","[5, 6]",1.0
[6],[6],1.0
[],[],1.0
"[3, 5, 6, 7, 18]","[3, 5, 6, 7, 18]",1.0
"[5, 7, 18, 6]","[5, 6, 7, 18]",0.5
"[6, 7, 18]","[6, 7, 18]",1.0
"[7, 18]","[7, 18]",1.0
[18],[18],1.0
[],[],1.0
"[3, 5, 6, 7, 18]","[3, 5, 7, 18, 6]",0.6
"[5, 6, 7, 18]","[5, 7, 18, 6]",0.5
"[6, 7, 18]","[7, 18, 6]",0.33333333333333337
"[18, 6]","[18, 6]",1.0
[6],[6],1.0
[],[],1.0
"[3, 5, 6, 7, 18]","[7, 18, 3, 5, 6]",0.19999999999999996
"[18, 3, 5, 6]","[18, 3, 5, 6]",1.0
"[3, 5, 6]","[3, 5, 6]",1.0
"[5, 6]","[5, 6]",1.0
[6],[6],1.0
"[19, 20, 22, 23]",[],0.0
[],[],1.0
"[3, 5, 6, 7, 18]","[7, 3, 18, 5, 6]",0.19999999999999996
"[18, 3, 5, 6]","[3, 18, 5, 6]",0.5
"[18, 5, 6]","[18, 5, 6]",1.0
"[5, 6]","[5, 6]",1.0
[6],[6],1.0
[],[],1.0
"[3, 7, 18, 5, 6]","[3, 7, 5, 18, 6]",0.6
"[7, 18, 5, 6]","[7, 5, 18, 6]",0.5
"[18, 5, 6]","[5, 18, 6]",0.33333333333333337
"[18, 6]","[18, 6]",1.0
[6],[6],1.0
[],[],1.0
"[3, 5, 7, 18, 6]","[3, 5, 7, 18, 6]",1.0
"[5, 7, 18, 6]","[5, 7, 18, 6]",1.0
"[7, 18, 6]","[7, 18, 6]",1.0
"[18, 6]","[18, 6]",1.0
[6],[6],1.0
[],[],1.0
"[3, 5, 6, 7, 18]","[7, 18, 3, 5, 6]",0.19999999999999996
"[18, 3, 5, 6]","[18, 3, 5, 6]",1.0
"[3, 5, 6]","[3, 5, 6]",1.0
"[5, 6]","[5, 6]",1.0
[6],[6],1.0
[],[],1.0
"[7, 18, 3, 5, 6]","[7, 18, 3, 5, 6]",1.0
"[18, 3, 5, 6]","[18, 3, 5, 6]",1.0
"[3, 5, 6]","[3, 5, 6]",1.0
"[5, 6]","[5, 6]",1.0
[6],[6],1.0
[],[],1.0
"[3, 5, 7, 18, 6]","[3, 5, 7, 18, 6]",1.0
"[5, 7, 18, 6]","[5, 7, 18, 6]",1.0
"[7, 18, 6]","[7, 18, 6]",1.0
"[18, 6]","[18, 6]",1.0
[6],[6],1.0
[],[],1.0
"[3, 5, 6, 7, 18]","[3, 5, 6, 7, 18]",1.0
"[5, 6, 7, 18]","[5, 6, 7, 18]",1.0
"[6, 7, 18]","[6, 7, 18]",1.0
"[7, 18]","[7, 18]",1.0
[18],[18],1.0
[],[],1.0
"[3, 5, 6, 7, 18]","[3, 5, 6, 7, 18]",1.0
"[5, 6, 7, 18]","[5, 6, 7, 18]",1.0
"[6, 7, 18]","[6, 7, 18]",1.0
"[7, 18]","[7, 18]",1.0
[18],[18],1.0
[],[],1.0
"[3, 5, 6, 7, 18]","[3, 7, 18, 5, 6]",0.19999999999999996
"[5, 6, 7, 18]","[7, 18, 5, 6]",0.0
"[18, 5, 6]","[18, 5, 6]",1.0
"[5, 6]","[5, 6]",1.0
[6],[6],1.0
[],[],1.0
"[3, 5, 6, 7, 18]","[3, 5, 7, 8, 7, 18, 6]",0.5714285714285714
"[5, 6, 7, 18]","[5, 7, 8, 7, 18, 6]",0.5
"[6, 7, 18]","[7, 8, 7, 18, 6]",0.4
"[18, 6]","[8, 7, 18, 6]",0.5
"[7, 18, 6]","[7, 18, 6]",1.0
"[18, 6]","[18, 6]",1.0
[6],[6],1.0
[],[],1.0
[],[],1.0
"[3, 5, 6, 7, 18]","[3, 5, 6, 7, 8, 7, 18]",0.7142857142857143
"[5, 6, 7, 18]","[5, 6, 7, 8, 7, 18]",0.6666666666666667
"[6, 7, 18]","[6, 7, 8, 7, 18]",0.6
"[7, 18]","[7, 8, 7, 18]",0.5
[18],"[8, 7, 18]",0.33333333333333337
"[11, 7, 18]","[7, 18]",0.6666666666666667
[18],[18],1.0
[],[],1.0
"[7, 18, 3, 5, 6]","[7, 9, 7, 18, 3, 5, 6]",0.7142857142857143
"[18, 3, 5, 6]","[9, 7, 18, 3, 5, 6]",0.6666666666666667
"[7, 9, 3, 5, 7, 9, 7, 18, 6]","[7, 18, 3, 5, 6]",0.4444444444444444
"[9, 3, 5, 7, 9, 7, 18, 6]","[18, 3, 5, 6]",0.375
"[3, 5, 6]","[3, 5, 6]",1.0
"[5, 6]","[5, 6]",1.0
[6],[6],1.0
[],[],1.0
"[3, 5, 6, 7, 18]","[3, 5, 6, 7, 18]",1.0
"[5, 6, 7, 18]","[5, 6, 7, 18]",1.0
"[6, 7, 18]","[6, 7, 18]",1.0
"[7, 18]","[7, 18]",1.0
[18],[18],1.0
[],[],1.0
"[3, 5, 6, 7, 18]","[7, 18, 3, 5, 6]",0.19999999999999996
"[18, 3, 5, 6]","[18, 3, 5, 6]",1.0
"[3, 5, 6]","[3, 5, 6]",1.0
"[5, 6]","[5, 6]",1.0
[6],[6],1.0
[],[],1.0
"[3, 7, 18, 5, 6]","[3, 7, 18, 5, 6]",1.0
"[7, 18, 5, 6]","[7, 18, 5, 6]",1.0
"[18, 5, 6]","[18, 5, 6]",1.0
"[5, 6]","[5, 6]",1.0
[6],[6],1.0
[],[],1.0
"[3, 5, 6, 7, 18]","[3, 7, 5, 6, 18]",0.6
"[5, 6, 7, 18]","[7, 5, 6, 18]",0.5
"[18, 5, 6]","[5, 6, 18]",0.33333333333333337
"[6, 18]","[6, 18]",1.0
[18],[18],1.0
[],[],1.0
"[3, 5, 6, 7, 18]","[3, 7, 18, 5, 6]",0.19999999999999996
"[5, 6, 7, 18]","[7, 18, 5, 6]",0.0
"[18, 5, 6]","[18, 5, 6]",1.0
"[5, 6]","[5, 6]",1.0
[6],[6],1.0
[],[],1.0
"[3, 5, 6, 7, 18]","[3, 5, 6, 7]",0.8
"[5, 6, 7, 18]","[5, 6, 7]",0.75
"[6, 7, 18]","[6, 7]",0.6666666666666667
"[7, 18]",[7],0.5
[],[],1.0
"[3, 5, 6, 7, 18]","[3, 5, 6, 7, 18]",1.0
"[5, 6, 7, 18]","[5, 6, 7, 18]",1.0
"[6, 7, 18]","[6, 7, 18]",1.0
"[7, 18]","[7, 18]",1.0
[18],[18],1.0
[],[],1.0
[],[],1.0
"[3, 5, 6, 7, 18]","[3, 7, 8, 7, 8, 7, 18, 5, 6]",0.33333333333333337
"[5, 6, 7, 18]","[7, 8, 7, 8, 7, 18, 5, 6]",0.25
"[18, 5, 6]","[8, 7, 8, 7, 18, 5, 6]",0.4285714285714286
"[7, 8, 7, 18, 5, 6]","[7, 8, 7, 18, 5, 6]",1.0
"[18, 5, 6]","[8, 7, 18, 5, 6]",0.6
"[7, 18, 5, 6]","[7, 18, 5, 6]",1.0
"[18, 5, 6]","[18, 5, 6]",1.0
"[5, 6]","[5, 6]",1.0
[6],[6],1.0
[],[],1.0
"[3, 5, 6, 7, 18]","[3, 5, 6, 7, 18]",1.0
"[5, 6, 7, 18]","[5, 6, 7, 18]",1.0
"[6, 7, 18]","[6, 7, 18]",1.0
"[7, 18]","[7, 18]",1.0
[18],[18],1.0
[],[],1.0
[],[],1.0
"[7, 18, 3, 5, 6]","[7, 18, 3, 5, 6]",1.0
"[18, 3, 5, 6]","[18, 3, 5, 6]",1.0
"[3, 5, 6]","[3, 5, 6]",1.0
"[4, 3, 5, 6]","[5, 6]",0.5
[6],[6],1.0
[],[],1.0
"[3, 5, 6, 7, 18]","[3, 5, 6, 7, 18]",1.0
"[5, 6, 7, 18]","[5, 6, 7, 18]",1.0
"[6, 7, 18]","[6, 7, 18]",1.0
"[7, 18]","[7, 18]",1.0
[18],[18],1.0
[],[],1.0
"[3, 5, 6, 7, 18]","[3, 5, 6, 7, 8, 7, 8, 7, 18]",0.5555555555555556
"[5, 6, 7, 18]","[5, 6, 7, 8, 7, 8, 7, 18]",0.5
"[6, 7, 18]","[6, 7, 8, 7, 8, 7, 18]",0.4285714285714286
"[7, 18]","[7, 8, 7, 8, 7, 18]",0.33333333333333337
[18],"[8, 7, 8, 7, 18]",0.19999999999999996
"[13, 17, 7, 18]","[7, 8, 7, 18]",0.5
[18],"[8, 7, 18]",0.33333333333333337
"[13, 17, 7, 18]","[7, 18]",0.5
[18],[18],1.0
[],[],1.0
"[3, 5, 6, 7, 18]","[3, 7, 5, 6, 18]",0.6
"[5, 6, 7, 18]","[7, 5, 6, 18]",0.5
"[18, 5, 6]","[5, 6, 18]",0.33333333333333337
"[6, 18]","[6, 18]",1.0
[18],[18],1.0
[],[],1.0
"[3, 5, 6, 7, 18]","[3, 5, 6, 7, 18]",1.0
"[5, 6, 7, 18]","[5, 6, 7, 18]",1.0
"[6, 7, 18]","[6, 7, 18]",1.0
"[7, 18]","[7, 18]",1.0
[18],[18],1.0
[],[],1.0
[],[],1.0
"[3, 7, 18, 5, 6]","[3, 5, 6, 7, 18]",0.19999999999999996
"[7, 18, 5, 6]","[5, 6, 7, 18]",0.0
"[7, 18, 6]","[6, 7, 18]",0.33333333333333337
"[7, 18]","[7, 18]",1.0
[18],[18],1.0
[],[],1.0
"[3, 5, 6, 7, 18]","[3, 7, 18, 5, 6]",0.19999999999999996
"[5, 6, 7, 18]","[7, 18, 5, 6]",0.0
"[18, 5, 6]","[18, 5, 6]",1.0
"[5, 6]","[5, 6]",1.0
[6],[6],1.0
[],[],1.0
"[3, 5, 6, 7, 18]","[3, 5, 6, 7, 18]",1.0
"[5, 6, 7, 18]","[5, 6, 7, 18]",1.0
"[6, 7, 18]","[6, 7, 18]",1.0
"[7, 18]","[7, 18]",1.0
[18],[18],1.0
[],[],1.0
[],[],1.0
"[3, 7, 18, 5, 6]","[3, 7, 18, 19, 20, 5, 22, 6, 23]",0.5555555555555556
"[7, 18, 5, 6]","[7, 18, 19, 20, 5, 22, 6, 23]",0.5
"[18, 5, 6]","[18, 19, 20, 5, 22, 6, 23]",0.4285714285714286
"[5, 6]","[19, 20, 5, 22, 6, 23]",0.33333333333333337
"[5, 6]","[20, 5, 22, 6, 23]",0.4
"[22, 23]","[5, 22, 6, 23]",0.5
"[6, 21, 20, 22, 23]","[22, 6, 23]",0.19999999999999996
[23],"[6, 23]",0.5
[],[23],0.0
[],[],1.0
"[3, 5, 7, 18, 6]","[3, 5, 6, 7, 18]",0.6
"[5, 7, 18, 6]","[5, 6, 7, 18]",0.5
"[7, 18, 6]","[6, 7, 18]",0.33333333333333337
"[7, 18]","[7, 18]",1.0
[18],[18],1.0
[],[],1.0
"[3, 5, 7, 18, 6]","[3, 5, 6, 7, 18]",0.6
"[5, 7, 18, 6]","[5, 6, 7, 18]",0.5
"[7, 18, 6]","[6, 7, 18]",0.33333333333333337
"[7, 18]","[7, 18]",1.0
[18],[18],1.0
[],[],1.0
"[3, 5, 6, 7, 18]","[3, 5, 6, 7, 18]",1.0
"[5, 6, 7, 18]","[5, 6, 7, 18]",1.0
"[6, 7, 18]","[6, 7, 18]",1.0
"[7, 18]","[7, 18]",1.0
[18],[18],1.0
[],[],1.0
"[3, 5, 6, 7, 18]","[7, 3, 5, 6, 13, 17, 7, 8, 7, 18]",0.5
"[18, 3, 5, 6]","[3, 5, 6, 13, 17, 7, 8, 7, 18]",0.2222222222222222
"[5, 6, 18]","[5, 6, 13, 17, 7, 8, 7, 18]",0.375
"[6, 18]","[6, 13, 17, 7, 8, 7, 18]",0.2857142857142857
[18],"[13, 17, 7, 8, 7, 18]",0.16666666666666663
"[14, 7, 18]","[17, 7, 8, 7, 18]",0.4
"[7, 18]","[7, 8, 7, 18]",0.5
[18],"[8, 7, 18]",0.33333333333333337
"[7, 18]","[7, 18]",1.0
[18],[18],1.0
[],[],1.0
[],[],1.0
"[3, 5, 6, 7, 18]","[3, 7, 8, 7, 18, 5, 6]",0.4285714285714286
"[5, 6, 7, 18]","[7, 8, 7, 18, 5, 6]",0.33333333333333337
"[18, 5, 6]","[8, 7, 18, 5, 6]",0.6
"[7, 8, 7, 18, 5, 6]","[7, 18, 5, 6]",0.6666666666666667
"[18, 5, 6]","[18, 5, 6]",1.0
"[5, 6]","[5, 6]",1.0
[6],[6],1.0
[],[],1.0
[],[],1.0
"[3, 5, 6, 7, 18]","[3, 5, 6, 7, 18]",1.0
"[5, 6, 7, 18]","[5, 6, 7, 18]",1.0
"[6, 7, 18]","[6, 7, 18]",1.0
"[7, 18]","[7, 18]",1.0
[18],[18],1.0
[],[],1.0
[],[],1.0
"[3, 5, 6, 7, 18]","[3, 5, 6, 7, 18]",1.0
"[5, 7, 18, 6]","[5, 6, 7, 18]",0.5
"[7, 18, 6]","[6, 7, 18]",0.33333333333333337
"[7, 18]","[7, 18]",1.0
[18],[18],1.0
[],[],1.0
"[3, 5, 6, 7, 18]","[3, 5, 6, 7, 18]",1.0
"[5, 6, 7, 18]","[5, 6, 7, 18]",1.0
"[6, 7, 18]","[6, 7, 18]",1.0
"[7, 18]","[7, 18]",1.0
[18],[18],1.0
[],[],1.0
"[3, 7, 18, 5, 6]","[3, 7, 18, 5, 6]",1.0
"[7, 18, 5, 6]","[7, 18, 5, 6]",1.0
"[18, 5, 6]","[18, 5, 6]",1.0
"[5, 6]","[5, 6]",1.0
[6],[6],1.0
[],[],1.0
"[3, 5, 7, 18, 6]","[7, 18, 3, 5, 6]",0.19999999999999996
"[18, 3, 5, 6]","[18, 3, 5, 6]",1.0
"[3, 5, 6]","[3, 5, 6]",1.0
"[5, 6]","[5, 6]",1.0
[6],[6],1.0
[],[],1.0
"[3, 5, 6, 7, 18]","[3, 7, 18, 5, 6]",0.19999999999999996
"[5, 6, 7, 18]","[7, 18, 5, 6]",0.0
"[18, 5, 6]","[18, 5, 6]",1.0
"[5, 6]","[5, 6]",1.0
[6],[6],1.0
[],[],1.0
"[3, 5, 6, 7, 18]","[3, 7, 18, 5, 6]",0.19999999999999996
"[5, 6, 7, 18]","[7, 18, 5, 6]",0.0
"[18, 5, 6]","[18, 5, 6]",1.0
"[5, 6]","[5, 6]",1.0
[6],[6],1.0
[],[],1.0
"[3, 5, 6, 7, 18]","[3, 5, 6, 7, 18]",1.0
"[5, 6, 7, 18]","[5, 6, 7, 18]",1.0
"[6, 7, 18]","[6, 7, 18]",1.0
"[7, 18]","[7, 18]",1.0
[18],[18],1.0
[],[],1.0
"[3, 5, 6, 7, 18]","[7, 18, 3, 5, 6]",0.19999999999999996
"[18, 3, 5, 6]","[18, 3, 5, 6]",1.0
"[3, 5, 6]","[3, 5, 6]",1.0
"[5, 6]","[5, 6]",1.0
[6],[6],1.0
[],[],1.0
"[3, 5, 6, 7, 18]","[3, 5, 6, 7, 18]",1.0
"[5, 6, 7, 18]","[5, 6, 7, 18]",1.0
"[6, 7, 18]","[6, 7, 18]",1.0
"[7, 18]","[7, 18]",1.0
[18],[18],1.0
[],[],1.0
"[3, 5, 6, 7, 18]","[3, 5, 6, 7, 18]",1.0
"[5, 6, 7, 18]","[5, 6, 7, 18]",1.0
"[6, 7, 18]","[6, 7, 18]",1.0
"[7, 18]","[7, 18]",1.0
[18],[18],1.0
[],[],1.0
"[7, 18, 3, 5, 6]","[3, 5, 6, 7, 18]",0.19999999999999996
"[5, 6, 7, 18]","[5, 6, 7, 18]",1.0
"[6, 7, 18]","[6, 7, 18]",1.0
"[7, 18]","[7, 18]",1.0
[18],[18],1.0
[],[],1.0
"[3, 5, 6, 7, 18]","[3, 7, 18, 5, 6]",0.19999999999999996
"[5, 6, 7, 18]","[7, 18, 5, 6]",0.0
"[18, 5, 6]","[18, 5, 6]",1.0
"[5, 6]","[5, 6]",1.0
[6],[6],1.0
[],[],1.0
"[3, 5, 6, 7, 18]","[3, 5, 7, 6, 18]",0.6
"[5, 6, 7, 18]","[5, 7, 6, 18]",0.5
"[6, 7, 18]","[7, 6, 18]",0.33333333333333337
"[6, 18]","[6, 18]",1.0
[18],[18],1.0
[],[],1.0
"[3, 5, 6, 7, 18]","[7, 3, 5, 6, 18]",0.6
"[18, 3, 5, 6]","[3, 5, 6, 18]",0.5
"[5, 6, 18]","[5, 6, 18]",1.0
"[6, 18]","[6, 18]",1.0
[18],[18],1.0
[],[],1.0
"[3, 5, 6, 7, 18]","[3, 7, 18, 5, 6]",0.19999999999999996
"[5, 6, 7, 18]","[7, 18, 5, 6]",0.0
"[18, 5, 6]","[18, 5, 6]",1.0
"[5, 6]","[5, 6]",1.0
[6],[6],1.0
[],[],1.0
"[3, 5, 6, 7, 18]","[3, 7, 18, 5, 6]",0.19999999999999996
"[5, 6, 7, 18]","[7, 18, 5, 6]",0.0
"[18, 5, 6]","[18, 5, 6]",1.0
"[5, 6]","[5, 6]",1.0
[6],[6],1.0
[],[],1.0
"[3, 5, 6, 7, 18]","[3, 5, 6, 7, 18]",1.0
"[5, 6, 7, 18]","[5, 6, 7, 18]",1.0
"[6, 7, 18]","[6, 7, 18]",1.0
"[7, 18]","[7, 18]",1.0
[18],[18],1.0
[],[],1.0
"[3, 5, 6, 7, 18]","[3, 5, 6, 7, 18]",1.0
"[5, 6, 7, 18]","[5, 6, 7, 18]",1.0
"[6, 7, 18]","[6, 7, 18]",1.0
"[7, 18]","[7, 18]",1.0
[18],[18],1.0
[],[],1.0
"[3, 5, 6, 7, 18]","[7, 9, 8, 7, 18, 3, 5, 6]",0.25
"[18, 3, 5, 6]","[9, 8, 7, 18, 3, 5, 6]",0.5714285714285714
"[7, 18, 3, 5, 6]","[8, 7, 18, 3, 5, 6]",0.8333333333333334
"[7, 18, 3, 5, 6]","[7, 18, 3, 5, 6]",1.0
"[18, 3, 5, 6]","[18, 3, 5, 6]",1.0
"[3, 5, 6]","[3, 5, 6]",1.0
"[5, 6]","[5, 6]",1.0
[6],[6],1.0
[],[],1.0
"[3, 5, 6, 7, 18]","[3, 5, 6, 7, 18]",1.0
"[5, 6, 7, 18]","[5, 6, 7, 18]",1.0
"[6, 7, 18]","[6, 7, 18]",1.0
"[7, 18]","[7, 18]",1.0
[18],[18],1.0
[],[],1.0
[],[],1.0
[],[],1.0
"[3, 5, 6, 7, 18]","[3, 5, 6, 7, 18]",1.0
"[5, 6, 7, 18]","[5, 6, 7, 18]",1.0
"[6, 7, 18]","[6, 7, 18]",1.0
"[7, 18]","[7, 18]",1.0
[18],[18],1.0
[],[],1.0
"[3, 5, 6, 7, 18]","[3, 7, 18, 5, 6]",0.19999999999999996
"[5, 6, 7, 18]","[7, 18, 5, 6]",0.0
"[18, 5, 6]","[18, 5, 6]",1.0
"[5, 6]","[5, 6]",1.0
[6],[6],1.0
[],[],1.0
[],[],1.0
"[3, 5, 6, 7, 18]","[3, 5, 6, 7, 18]",1.0
"[5, 6, 7, 18]","[5, 6, 7, 18]",1.0
"[6, 7, 18]","[6, 7, 18]",1.0
"[7, 18]","[7, 18]",1.0
[18],[18],1.0
[],[],1.0
"[3, 5, 6, 7, 18]","[3, 5, 6, 7, 18]",1.0
"[5, 6, 7, 18]","[5, 6, 7, 18]",1.0
"[6, 7, 18]","[6, 7, 18]",1.0
"[7, 18]","[7, 18]",1.0
[18],[18],1.0
[],[],1.0
"[3, 5, 6, 7, 18]","[3, 5, 6, 7, 18]",1.0
"[5, 6, 7, 18]","[5, 6, 7, 18]",1.0
"[6, 7, 18]","[6, 7, 18]",1.0
"[7, 18]","[7, 18]",1.0
[18],[18],1.0
[],[],1.0
"[3, 5, 6, 7, 18]","[3, 5, 6, 7, 18]",1.0
"[5, 6, 7, 18]","[5, 6, 7, 18]",1.0
"[6, 7, 18]","[6, 7, 18]",1.0
"[7, 18]","[7, 18]",1.0
[18],[18],1.0
[],[],1.0
"[3, 5, 6, 7, 18]","[3, 5, 6, 7, 18]",1.0
"[5, 6, 7, 18]","[5, 6, 7, 18]",1.0
"[6, 7, 18]","[6, 7, 18]",1.0
"[7, 18]","[7, 18]",1.0
[18],[18],1.0
[],[],1.0
"[3, 5, 6, 7, 18]","[3, 5, 6, 7, 18]",1.0
"[5, 6, 7, 18]","[5, 6, 7, 18]",1.0
"[6, 7, 18]","[6, 7, 18]",1.0
"[7, 18]","[7, 18]",1.0
[18],[18],1.0
[],[],1.0
"[3, 5, 6, 7, 18]","[3, 5, 6, 7, 18]",1.0
"[5, 6, 7, 18]","[5, 6, 7, 18]",1.0
"[6, 7, 18]","[6, 7, 18]",1.0
"[7, 18]","[7, 18]",1.0
[18],[18],1.0
[],[],1.0
"[3, 5, 6, 7, 18]","[3, 5, 6, 7, 18, 19, 20, 22, 23]",0.5555555555555556
"[5, 6, 7, 18]","[5, 6, 7, 18, 19, 20, 22, 23]",0.5
"[6, 7, 18]","[6, 7, 18, 19, 20, 22, 23]",0.4285714285714286
"[7, 18]","[7, 18, 19, 20, 22, 23]",0.33333333333333337
[18],"[18, 19, 20, 22, 23]",0.19999999999999996
[],"[19, 20, 22, 23]",0.0
"[20, 22, 23]","[20, 22, 23]",1.0
"[22, 23]","[22, 23]",1.0
[23],[23],1.0
[],[],1.0
"[3, 5, 6, 7, 18]","[3, 5, 6, 7, 18]",1.0
"[5, 6, 7, 18]","[5, 6, 7, 18]",1.0
"[6, 7, 18]","[6, 7, 18]",1.0
"[7, 18]","[7, 18]",1.0
[18],[18],1.0
[],[],1.0
"[3, 5, 6, 7, 18]","[3, 5, 6, 7, 18]",1.0
"[5, 6, 7, 18]","[5, 6, 7, 18]",1.0
"[6, 7, 18]","[6, 7, 18]",1.0
"[7, 18]","[7, 18]",1.0
[18],[18],1.0
[],[],1.0
"[3, 5, 6, 7, 18]","[3, 7, 5, 18, 6]",0.19999999999999996
"[5, 6, 7, 18]","[7, 5, 18, 6]",0.0
"[18, 5, 6]","[5, 18, 6]",0.33333333333333337
"[6, 18]","[18, 6]",0.0
[6],[6],1.0
[],[],1.0
"[3, 5, 6, 7, 18]","[7, 3]",0.19999999999999996
"[3, 5, 6, 18]",[3],0.25
[],[],1.0
"[3, 5, 6, 7, 18]","[3, 7, 18, 5, 6]",0.19999999999999996
"[5, 6, 7, 18]","[7, 18, 5, 6]",0.0
"[18, 5, 6]","[18, 5, 6]",1.0
"[5, 6]","[5, 6]",1.0
[6],[6],1.0
[],[],1.0
"[3, 5, 6, 7, 18]","[3, 5, 6, 7, 18]",1.0
"[5, 6, 7, 18]","[5, 6, 7, 18]",1.0
"[6, 7, 18]","[6, 7, 18]",1.0
"[7, 18]","[7, 18]",1.0
[18],[18],1.0
[],[],1.0
"[3, 5, 6, 7, 18]","[3, 5, 6, 7, 18]",1.0
"[5, 6, 7, 18]","[5, 6, 7, 18]",1.0
"[6, 7, 18]","[6, 7, 18]",1.0
"[7, 18]","[7, 18]",1.0
[18],[18],1.0
[],[],1.0
"[3, 5, 6, 7, 18]","[3, 5, 6, 7, 18]",1.0
"[5, 6, 7, 18]","[5, 6, 7, 18]",1.0
"[6, 7, 18]","[6, 7, 18]",1.0
"[7, 18]","[7, 18]",1.0
[18],[18],1.0
[],[],1.0
"[3, 5, 6, 7, 18]","[3, 5, 6, 7, 18]",1.0
"[5, 6, 7, 18]","[5, 6, 7, 18]",1.0
"[6, 7, 18]","[6, 7, 18]",1.0
"[7, 18]","[7, 18]",1.0
[18],[18],1.0
[],[],1.0
"[3, 5, 6, 7, 18]","[3, 5, 6, 7, 18]",1.0
"[5, 6, 7, 18]","[5, 6, 7, 18]",1.0
"[6, 7, 18]","[6, 7, 18]",1.0
"[7, 18]","[7, 18]",1.0
[18],[18],1.0
[],[],1.0
"[3, 5, 6, 7, 18]","[3, 7, 18, 5, 6]",0.19999999999999996
"[5, 6, 7, 18]","[7, 18, 5, 6]",0.0
"[18, 5, 6]","[18, 5, 6]",1.0
"[5, 6]","[5, 6]",1.0
[6],[6],1.0
[],[],1.0
"[3, 5, 6, 7, 18]","[3, 5, 6, 7, 18]",1.0
"[5, 6, 7, 18]","[5, 6, 7, 18]",1.0
"[6, 7, 18]","[6, 7, 18]",1.0
"[7, 18]","[7, 18]",1.0
[18],[18],1.0
[],[],1.0
"[7, 18, 3, 5, 6]","[3, 5, 6, 7, 18]",0.19999999999999996
"[5, 6, 7, 18]","[5, 6, 7, 18]",1.0
"[6, 7, 18]","[6, 7, 18]",1.0
"[7, 18]","[7, 18]",1.0
[18],[18],1.0
[],[],1.0
"[3, 5, 6, 7, 18]","[3, 5, 7, 18, 6]",0.6
"[5, 6, 7, 18]","[5, 7, 18, 6]",0.5
"[6, 7, 18]","[7, 18, 6]",0.33333333333333337
"[18, 6]","[18, 6]",1.0
[6],[6],1.0
[],[],1.0
"[3, 5, 6, 7, 18]","[3, 5, 6, 7, 18]",1.0
"[5, 6, 7, 18]","[5, 6, 7, 18]",1.0
"[6, 7, 18]","[6, 7, 18]",1.0
"[7, 18]","[7, 18]",1.0
[18],[18],1.0
[],[],1.0
[],[],1.0
"[3, 5, 6, 7, 18]","[3, 5, 7, 18, 6]",0.6
"[5, 6, 7, 18]","[5, 7, 18, 6]",0.5
"[6, 7, 18]","[7, 18, 6]",0.33333333333333337
"[18, 6]","[18, 6]",1.0
[6],[6],1.0
[],[],1.0
"[3, 5, 7, 18, 6]","[7, 18, 3, 5, 6]",0.19999999999999996
"[18, 3, 5, 6]","[18, 3, 5, 6]",1.0
"[3, 5, 6]","[3, 5, 6]",1.0
"[5, 6]","[5, 6]",1.0
[6],[6],1.0
[],[],1.0
"[3, 5, 6, 7, 18]","[3, 7, 18, 5, 6]",0.19999999999999996
"[5, 6, 7, 18]","[7, 18, 5, 6]",0.0
"[18, 5, 6]","[18, 5, 6]",1.0
"[5, 6]","[5, 6]",1.0
[6],[6],1.0
[],[],1.0
"[3, 5, 6, 7, 18]","[3, 5, 6, 7, 18]",1.0
"[5, 6, 7, 18]","[5, 6, 7, 18]",1.0
"[6, 7, 18]","[6, 7, 18]",1.0
"[7, 18]","[7, 18]",1.0
[18],[18],1.0
[],[],1.0
[],[],1.0
[],[],1.0
"[3, 5, 6, 7, 18]","[3, 5, 6, 7, 12, 7, 12, 7, 12, 7, 18]",0.4545454545454546
"[5, 6, 7, 18]","[5, 6, 7, 12, 7, 12, 7, 12, 7, 18]",0.4
"[6, 7, 18]","[6, 7, 12, 7, 12, 7, 12, 7, 18]",0.33333333333333337
"[7, 18]","[7, 12, 7, 12, 7, 12, 7, 18]",0.25
[18],"[12, 7, 12, 7, 12, 7, 18]",0.1428571428571429
"[7, 18, 24, 25, 27, 28]","[7, 12, 7, 12, 7, 18]",0.16666666666666663
"[18, 24, 25, 27, 28]","[12, 7, 12, 7, 18]",0.0
"[7, 18]","[7, 12, 7, 18]",0.5
[18],"[12, 7, 18]",0.33333333333333337
"[7, 18]","[7, 18]",1.0
[18],[18],1.0
[],[],1.0
"[3, 5, 6, 7, 18]","[3, 5, 6, 7, 18, 19, 20, 22, 23]",0.5555555555555556
"[5, 6, 7, 18]","[5, 6, 7, 18, 19, 20, 22, 23]",0.5
"[6, 7, 18]","[6, 7, 18, 19, 20, 22, 23]",0.4285714285714286
"[7, 18]","[7, 18, 19, 20, 22, 23]",0.33333333333333337
[18],"[18, 19, 20, 22, 23]",0.19999999999999996
[],"[19, 20, 22, 23]",0.0
"[20, 22, 23]","[20, 22, 23]",1.0
"[22, 23]","[22, 23]",1.0
[23],[23],1.0
[],[],1.0
"[3, 5, 6, 7, 18]","[3, 5, 6, 7, 18]",1.0
"[5, 6, 7, 18]","[5, 6, 7, 18]",1.0
"[6, 7, 18]","[6, 7, 18]",1.0
"[7, 18]","[7, 18]",1.0
[18],[18],1.0
[],[],1.0
[],[],1.0
"[3, 5, 6, 7, 18]","[3, 5, 6, 7, 18]",1.0
"[5, 6, 7, 18]","[5, 6, 7, 18]",1.0
"[6, 7, 18]","[6, 7, 18]",1.0
"[7, 18]","[7, 18]",1.0
[18],[18],1.0
[],[],1.0
"[3, 5, 6, 7, 18]","[3, 5, 6, 7, 18]",1.0
"[5, 6, 7, 18]","[5, 6, 7, 18]",1.0
"[6, 7, 18]","[6, 7, 18]",1.0
"[7, 18]","[7, 18]",1.0
[18],[18],1.0
[],[],1.0
[],[],1.0
"[3, 5, 6, 7, 18]","[7, 18, 3, 5, 6]",0.19999999999999996
"[18, 3, 5, 6]","[18, 3, 5, 6]",1.0
"[3, 5, 6]","[3, 5, 6]",1.0
"[5, 6]","[5, 6]",1.0
"[6, 19, 20, 22, 23]",[6],0.19999999999999996
"[19, 20, 22, 23]",[],0.0
[],[],1.0
"[3, 7, 18, 5, 6]","[7, 3, 18, 5, 6]",0.6
"[18, 3, 5, 6]","[3, 18, 5, 6]",0.5
"[18, 5, 6]","[18, 5, 6]",1.0
"[5, 6]","[5, 6]",1.0
[6],[6],1.0
[],[],1.0
"[3, 5, 6, 7, 18]","[3, 5, 6, 7, 18]",1.0
"[5, 6, 7, 18]","[5, 6, 7, 18]",1.0
"[6, 7, 18]","[6, 7, 18]",1.0
"[7, 18]","[7, 18]",1.0
[18],[18],1.0
[],[],1.0
"[3, 5, 6, 7, 18]","[3, 5, 6, 7, 18]",1.0
"[5, 6, 7, 18]","[5, 6, 7, 18]",1.0
"[6, 7, 18]","[6, 7, 18]",1.0
"[7, 18]","[7, 18]",1.0
[18],[18],1.0
[],[],1.0
"[3, 7, 18, 5, 6]","[3, 7, 5, 6, 18]",0.6
"[5, 7, 18, 6]","[7, 5, 6, 18]",0.25
"[18, 5, 6]","[5, 6, 18]",0.33333333333333337
"[6, 18]","[6, 18]",1.0
[18],[18],1.0
[],[],1.0
"[3, 5, 6, 7, 18]","[3, 5, 6, 7, 18]",1.0
"[5, 6, 7, 18]","[5, 6, 7, 18]",1.0
"[6, 7, 18]","[6, 7, 18]",1.0
"[7, 18]","[7, 18]",1.0
[18],[18],1.0
[],[],1.0
"[3, 5, 6, 7, 18]","[3, 5, 6, 7, 18]",1.0
"[5, 6, 7, 18]","[5, 6, 7, 18]",1.0
"[6, 7, 18]","[6, 7, 18]",1.0
"[7, 18]","[7, 18]",1.0
[18],[18],1.0
[],[],1.0
"[3, 5, 6, 7, 18]","[3, 5, 6, 7, 18]",1.0
"[5, 6, 7, 18]","[5, 6, 7, 18]",1.0
"[6, 7, 18]","[6, 7, 18]",1.0
"[7, 18]","[7, 18]",1.0
[18],[18],1.0
[],[],1.0
"[3, 5, 6, 7, 18]","[3, 5, 6, 7, 18]",1.0
"[5, 6, 7, 18]","[5, 6, 7, 18]",1.0
"[6, 7, 18]","[6, 7, 18]",1.0
"[7, 18]","[7, 18]",1.0
[18],[18],1.0
[],[],1.0
"[3, 5, 6, 7, 18]","[3, 5, 6, 7, 18]",1.0
"[5, 6, 7, 18]","[5, 6, 7, 18]",1.0
"[6, 7, 18]","[6, 7, 18]",1.0
"[7, 18]","[7, 18]",1.0
[18],[18],1.0
[],[],1.0
"[3, 5, 6, 7, 18]","[3, 5, 6, 7, 18]",1.0
"[5, 6, 7, 18]","[5, 6, 7, 18]",1.0
"[6, 7, 18]","[6, 7, 18]",1.0
"[7, 18]","[7, 18]",1.0
[18],[18],1.0
[],[],1.0
"[3, 5, 6, 7, 18]","[3, 5, 6, 7, 18]",1.0
"[5, 6, 7, 18]","[5, 6, 7, 18]",1.0
"[6, 7, 18]","[6, 7, 18]",1.0
"[7, 18]","[7, 18]",1.0
[18],[18],1.0
[],[],1.0
"[3, 5, 7, 18, 6]","[3, 5, 7, 18, 6]",1.0
"[5, 7, 18, 6]","[5, 7, 18, 6]",1.0
"[7, 18, 6]","[7, 18, 6]",1.0
"[18, 6]","[18, 6]",1.0
[6],[6],1.0
[],[],1.0
"[3, 5, 6, 7, 18]","[3, 5, 6, 7, 18]",1.0
"[5, 6, 7, 18]","[5, 6, 7, 18]",1.0
"[6, 7, 18]","[6, 7, 18]",1.0
"[7, 18]","[7, 18]",1.0
[18],[18],1.0
[],[],1.0
"[3, 5, 7, 18, 6]","[3, 5, 7, 18, 6]",1.0
"[5, 7, 18, 6]","[5, 7, 18, 6]",1.0
"[7, 18, 6]","[7, 18, 6]",1.0
"[18, 6]","[18, 6]",1.0
[6],[6],1.0
[],[],1.0
"[3, 5, 6, 7, 18]","[3, 5, 6, 7, 18, 19, 20, 22, 23]",0.5555555555555556
"[5, 6, 7, 18]","[5, 6, 7, 18, 19, 20, 22, 23]",0.5
"[6, 7, 18]","[6, 7, 18, 19, 20, 22, 23]",0.4285714285714286
"[7, 18]","[7, 18, 19, 20, 22, 23]",0.33333333333333337
[18],"[18, 19, 20, 22, 23]",0.19999999999999996
[],"[19, 20, 22, 23]",0.0
"[20, 22, 23]","[20, 22, 23]",1.0
"[22, 23]","[22, 23]",1.0
[23],[23],1.0
[],[],1.0
"[7, 18, 3, 5, 6]","[3, 5, 6, 7, 18]",0.19999999999999996
"[5, 6, 7, 18]","[5, 6, 7, 18]",1.0
"[6, 7, 18]","[6, 7, 18]",1.0
"[7, 18]","[7, 18]",1.0
[18],[18],1.0
[],[],1.0
"[3, 5, 6, 7, 18]","[3, 7, 18, 5, 6]",0.19999999999999996
"[5, 6, 7, 18]","[7, 18, 5, 6]",0.0
"[18, 5, 6]","[18, 5, 6]",1.0
"[5, 6]","[5, 6]",1.0
[6],[6],1.0
[],[],1.0
"[3, 5, 6, 7, 18]","[3, 5, 7, 6, 18]",0.6
"[5, 6, 7, 18]","[5, 7, 6, 18]",0.5
"[6, 7, 18]","[7, 6, 18]",0.33333333333333337
"[18, 6]","[6, 18]",0.0
[18],[18],1.0
[],[],1.0
"[3, 5, 6, 7, 18]","[3, 5, 6, 7, 18]",1.0
"[5, 6, 7, 18]","[5, 6, 7, 18]",1.0
"[6, 7, 18]","[6, 7, 18]",1.0
"[7, 18]","[7, 18]",1.0
[18],[18],1.0
[],[],1.0
"[3, 5, 6, 7, 18]","[3, 5, 6, 7, 18]",1.0
"[5, 6, 7, 18]","[5, 6, 7, 18]",1.0
"[6, 7, 18]","[6, 7, 18]",1.0
"[7, 18]","[7, 18]",1.0
[18],[18],1.0
[],[],1.0
"[3, 5, 6, 7, 18]","[3, 5, 6, 7, 18]",1.0
"[5, 6, 7, 18]","[5, 6, 7, 18]",1.0
"[6, 7, 18]","[6, 7, 18]",1.0
"[7, 18]","[7, 18]",1.0
[18],[18],1.0
[],[],1.0
"[3, 5, 6, 7, 18]","[7, 18, 3, 5, 6]",0.19999999999999996
"[18, 3, 5, 6]","[18, 3, 5, 6]",1.0
"[3, 5, 6]","[3, 5, 6]",1.0
"[5, 6]","[5, 6]",1.0
[6],[6],1.0
[],[],1.0
"[7, 18, 3, 5, 6]","[7, 18, 3, 5, 6, 24, 25, 27, 28]",0.5555555555555556
"[18, 3, 5, 6]","[18, 3, 5, 6, 24, 25, 27, 28]",0.5
"[3, 5, 6]","[3, 5, 6, 24, 25, 27, 28]",0.4285714285714286
"[5, 6]","[5, 6, 24, 25, 27, 28]",0.33333333333333337
[6],"[6, 24, 25, 27, 28]",0.19999999999999996
[],"[24, 25, 27, 28]",0.0
"[25, 27, 28]","[25, 27, 28]",1.0
"[27, 28]","[27, 28]",1.0
[28],[28],1.0
[],[],1.0
"[3, 5, 6, 7, 18]","[3, 5, 6, 7, 18]",1.0
"[5, 6, 7, 18]","[5, 6, 7, 18]",1.0
"[6, 7, 18]","[6, 7, 18]",1.0
"[7, 18]","[7, 18]",1.0
[18],[18],1.0
[],[],1.0
"[7, 18, 3, 5, 6]","[3, 5, 6, 7, 18]",0.19999999999999996
"[5, 6, 7, 18]","[5, 6, 7, 18]",1.0
"[6, 7, 18]","[6, 7, 18]",1.0
"[7, 18]","[7, 18]",1.0
[18],[18],1.0
[],[],1.0
"[3, 5, 6, 7, 18]","[3, 5, 6, 7, 18]",1.0
"[5, 6, 7, 18]","[5, 6, 7, 18]",1.0
"[6, 7, 18]","[6, 7, 18]",1.0
"[7, 18]","[7, 18]",1.0
[18],[18],1.0
[],[],1.0
"[3, 5, 6, 7, 18]","[3, 5, 6]",0.6
"[5, 6, 7, 18]","[5, 6]",0.5
"[6, 7, 18]",[6],0.33333333333333337
"[7, 18]",[],0.0
"[3, 5, 6, 7, 18]","[3, 5, 6, 7, 18]",1.0
"[5, 6, 7, 18]","[5, 6, 7, 18]",1.0
"[6, 7, 18]","[6, 7, 18]",1.0
"[7, 18]","[7, 18]",1.0
[18],[18],1.0
[],[],1.0
